,,,,,,,,,,,,,,,,,,
Development Name,OpEx_2018,opex_2019,OPEX_2020,OpEx_2021,opex_2022,OpEx_2023,Insurance_2018,insurance_2019,INSURANCE_2020,Insurance_2021,insurance_2022,Insurance_2023,Prop Tax 2018,prop tax 2019,PROP TAX 2020,Prop Tax 2021,prop tax 2022,Prop Tax 2023
Mott Haven Commons,6263,6553,6891,"$7,373","7,858",8418,688,727,787,905,1051,1214,138,149,157,$179,215,250
Melrose Gardens,6761,7119,"7,362","8,027",8648,9295,711,767,823,$938,1115,1312,761,810,870,1026,1227,n/a
Third Avenue Residences,9058,9432,9991,10659,"$11,374",12058,556,607,649,729,842,967,1475,1563,1765,NA,2395,2747
Brook Avenue Apartments,7253,7651,7995,8509,"$9,196",9753,458,$476,517,597,703,799,205,220,237,276,331,375
Longwood Terrace,5392,5589,"5,788",6086,NA,7008,492,539,586,670,790,921,264,280,291,335,396,462
Hunts Point Place,8617,8993,"$9,345",10136,10892,11719,520,572,615,690,782,$898,"1,111",1159,"$1,255",1498,1793,2125
Crotona Park View,,6357,"$6,781","$7,388","$7,919",8405,357,368,398,-,531,628,329,352,$367,429,521,615
Tremont Crossing,"$9,721","$10,292",10667,11605,12418,13257,$750,820,873,968,1171,"$1,354",1434,1618,1802,2068,-,2811
Morrisania Court,7718,"$8,124",8472,9195,9863,"$10,488",776,838,914,1051,1202,"$1,369",867,$937,1026,"$1,176",1400,1624
Highbridge Gardens,7199,"$7,565",7880,8484,"$9,133",9608,682,724,774,$879,1009,1161,294,314,$340,388,467,545
Concourse Village West,6473,6912,7346,8018,8429,"$8,990",574,615,695,827,970,1120,177,186,208,238,278,325
Claremont Homes,7340,"$7,600",8042,8828,9489,"$9,942",764,776,810,952,"1,129","1,306",802,$843,931,1075,"$1,302",1554
Claremont Homes,7340,"$7,600",8042,8828,9489,"$9,942",764,776,810,952,"1,129","1,306",802,$843,931,1075,"$1,302",1554
Soundview Landing,6775,"$7,024",7454,8113,"8,652",9209,681,765,846,$969,1133,1317,788,857,,"1,065",1252,"$1,478"
Kingsbridge Heights Apts,6895,7151,7589,8278,8835,9531,-,691,741,839,991,1173,418,451,496,561,658,770
Fordham Plaza Residences,7732,8089,n/a,"8,973",9578,10147,$600,628,686,790,907,1033,862,946,"$1,021",1155,"$1,310","$1,528"
East 138th St Houses,7357,7709,NA,8538,9023,"9,731",733,789,$868,1020,1163,1343,839,886,"1,011","$1,141",n/a,1557
Lenox Point,7851,"$8,165",8518,"$9,138","$9,955",n/a,578,610,674,$779,924,1089,209,$214,235,272,$327,379
Frederick Douglass Terrace,6651,7114,7505,8116,"8,635",9138,721,747,784,886,1053,1244,1214,"$1,318",1449,1696,n/a,2240
Madison Ave Gardens,6477,6843,7224,"$7,789",8372,8837,$662,716,762,NA,1008,1169,361,$397,462,538,638,726
East Harlem Commons,7264,"$7,461","$8,004",8635,9289,9857,763,814,$873,988,"1,172","1,372",$922,978,1048,1205,1465,1668
Pleasant Avenue Place,6441,6682,6852,7351,7982,8510,n/a,610,$669,793,940,1100,247,n/a,$294,337,392,448
park avenue north,"$7,421",7834,"$8,198",8940,"$9,473","9,971",485,$504,531,624,739,822,254,268,298,352,$430,503
St. Nicholas Court,5869,"6,216",6586,"$7,091",7816,8337,515,553,593,666,790,$933,992,1095,1185,1396,1651,1923
Edgecombe Residences,"7,824",8294,8503,9186,9696,10337,$483,512,555,641,748,853,1236,"$1,367",1548,"1,771",2115,2475
Brownsville Commons,5664,5908,6142,"$6,641",7056,7435,426,483,526,578,677,810,248,$276,307,$356,425,491
LIVONIA GARDENS,6810,7148,7499,8020,8635,9173,NA,629,672,781,924,1047,263,279,299,350,422,$484
BROWNSVILLE COMMONS,5664,5908,6142,"$6,641",7056,7435,426,483,526,578,677,810,248,$276,307,$356,425,491
East New York Terrace,6796,"$7,207",7531,8125,"8,521",9034,506,$536,607,697,817,$926,-,"$1,141",1313,1485,"1,759",2073
Atlantic Junction,7635,8025,8273,8826,9436,9987,487,528,$575,652,779,901,291,308,336,392,469,543
Cypress Hills Apts,6909,7214,7443,8017,8565,8998,660,699,711,829,989,1168,850,888,$988,1105,1333,1543
Bushwick Gateway,5961,6328,6638,7105,7691,8059,NA,718,774,849,1013,1184,891,1004,1087,1243,1466,1695
Sutter Avenue Homes,6919,7289,7439,"$7,988",8455,9054,713,$775,835,952,"$1,119",1257,n/a,771,$853,969,1165,1352
Canarsie Landing,"$7,734","$8,048","$8,354","$8,995",9759,10310,927,NA,1008,1183,"$1,378",1591,1143,1232,"$1,340",1519,1803,"$2,067"
Ocean Hill Residences,7119,7571,7955,8645,NA,9795,$784,845,$859,1009,"1,193",1425,426,450,484,560,669,773
Rockaway Avenue Place,"6,144",6530,6755,7233,7646,8269,841,885,$953,1106,1292,1532,230,$242,274,311,379,445
Jamaica Crossing,5733,"$6,016",6377,6936,"7,341",7787,575,590,656,762,902,1045,$875,$964,"1,074",1216,1437,1652
Far Rockaway Commons,6765,7037,7319,7915,"$8,496",9015,791,835,867,982,1130,"1,344",$880,$952,989,1105,"$1,319",1506
South Jamaica Gardens,7745,7951,8346,"$9,014",9618,-,$623,665,683,774,910,"$1,061",243,$261,286,335,403,470
Stapleton Point,8023,8618,9199,9797,10335,10915,856,935,986,1150,1303,1544,272,295,NA,374,-,527
port richmond terrace,5566,5842,6194,6561,7007,7481,532,$561,631,740,873,1035,161,176,191,226,273,322
Coney Island Commons,"6,408","$6,751",7186,"$7,754","8,382",8741,713,765,,922,1107,-,1146,1273,1339,1522,1837,2149
Notes: opex includes insurance and property tax,,,,,,,,,,,,,,,,,,