State,Civilian labor force,,,,Unemployed,,,,,,,
,"Jan.
2025","Nov.
2025","Dec.
2025","Jan.
2026(p)",Number,,,,Percent of labor force,,,
,,,,,"Jan.
2025","Nov.
2025","Dec.
2025","Jan.
2026(p)","Jan.
2025","Nov.
2025","Dec.
2025","Jan.
2026(p)"
Alabama,"2,378,428","2,387,873","2,387,810","2,387,649","72,543","64,802","64,776","64,061",3.1,2.7,2.7,2.7
Alaska,"363,404","367,709","367,671","368,663","16,527","17,537","17,531","17,722",4.5,4.8,4.8,4.8
Arizona,"3,781,221","3,815,687","3,814,917","3,814,207","157,097","167,615","167,319","171,391",4.2,4.4,4.4,4.5
Arkansas,"1,424,605","1,448,832","1,448,666","1,451,310","54,116","62,349","62,197","63,636",3.8,4.3,4.3,4.4
California,"19,764,218","19,878,800","19,878,043","19,862,185","1,061,763","1,094,082","1,093,176","1,082,348",5.4,5.5,5.5,5.4
Colorado,"3,273,054","3,254,030","3,254,073","3,248,844","141,216","124,951","125,077","126,262",4.3,3.8,3.8,3.9
Connecticut,"1,943,229","1,933,758","1,933,851","1,931,321","69,987","83,534","83,387","86,980",3.6,4.3,4.3,4.5
Delaware,"513,593","517,116","517,069","516,215","21,280","27,606","27,510","27,923",4.1,5.3,5.3,5.4
District of Columbia,"415,267","408,918","409,140","407,967","23,759","27,600","27,529","27,189",5.7,6.7,6.7,6.7
Florida,"11,122,059","11,116,493","11,117,284","11,124,027","392,967","480,808","479,324","499,181",3.5,4.3,4.3,4.5
Georgia,"5,413,520","5,442,066","5,441,402","5,445,612","184,452","190,562","190,351","192,734",3.4,3.5,3.5,3.5
Hawaii,"687,691","688,042","688,037","688,015","17,745","15,030","15,131","15,286",2.6,2.2,2.2,2.2
Idaho,"1,005,274","1,010,002","1,009,937","1,009,832","36,807","36,730","36,696","37,095",3.7,3.6,3.6,3.7
Illinois,"6,642,057","6,557,672","6,559,867","6,560,588","314,524","307,543","307,963","318,724",4.7,4.7,4.7,4.9
Indiana,"3,505,623","3,506,474","3,506,135","3,503,632","136,010","123,792","123,564","118,385",3.9,3.5,3.5,3.4
Iowa,"1,728,750","1,743,419","1,743,797","1,743,781","61,010","59,801","59,904","59,121",3.5,3.4,3.4,3.4
Kansas,"1,562,875","1,581,114","1,580,822","1,579,476","59,063","60,010","60,005","61,362",3.8,3.8,3.8,3.9
Kentucky,"2,110,828","2,120,091","2,119,991","2,114,515","101,972","92,636","92,583","90,226",4.8,4.4,4.4,4.3
Louisiana,"2,085,865","2,108,081","2,108,050","2,112,810","89,992","89,510","89,565","90,316",4.3,4.2,4.2,4.3
Maine,"708,929","710,100","710,128","709,079","23,484","23,515","23,496","23,406",3.3,3.3,3.3,3.3
Maryland,"3,240,310","3,222,693","3,221,708","3,214,709","113,179","137,602","136,456","137,033",3.5,4.3,4.2,4.3
Massachusetts,"3,949,077","3,935,591","3,935,586","3,926,654","166,500","184,213","183,984","186,218",4.2,4.7,4.7,4.7
Michigan,"5,074,356","4,998,918","4,999,837","4,993,041","270,378","248,325","248,858","251,726",5.3,5,5,5
Minnesota,"3,161,050","3,182,913","3,182,266","3,177,704","106,931","134,361","134,096","138,915",3.4,4.2,4.2,4.4
Mississippi,"1,296,727","1,296,031","1,295,784","1,293,485","50,468","47,332","47,343","46,844",3.9,3.7,3.7,3.6
Missouri,"3,157,040","3,175,775","3,175,358","3,177,925","123,711","123,169","123,144","123,276",3.9,3.9,3.9,3.9
Montana,"575,806","579,266","579,238","579,404","16,945","20,638","20,574","21,129",2.9,3.6,3.6,3.6
Nebraska,"1,090,809","1,104,807","1,104,681","1,104,502","31,440","33,174","33,185","33,531",2.9,3,3,3
Nevada,"1,655,393","1,687,305","1,687,017","1,694,147","89,255","88,351","88,281","89,283",5.4,5.2,5.2,5.3
New Hampshire,"774,179","776,708","776,712","777,427","23,600","24,852","24,856","25,191",3,3.2,3.2,3.2
New Jersey,"4,896,874","4,919,896","4,919,038","4,918,065","241,632","264,786","263,630","254,656",4.9,5.4,5.4,5.2
New Mexico,"987,201","985,100","985,342","985,171","40,953","42,622","42,624","44,319",4.1,4.3,4.3,4.5
New York,"9,958,025","10,081,101","10,080,281","10,104,683","405,642","466,985","464,828","465,373",4.1,4.6,4.6,4.6
North Carolina,"5,290,467","5,317,047","5,316,660","5,313,262","200,605","203,654","203,385","203,481",3.8,3.8,3.8,3.8
North Dakota,"428,148","433,994","433,968","434,874","10,990","11,197","11,193","11,266",2.6,2.6,2.6,2.6
Ohio,"5,970,790","5,936,926","5,937,500","5,932,491","289,136","257,719","258,432","254,773",4.8,4.3,4.4,4.3
Oklahoma,"2,009,517","2,020,442","2,020,051","2,018,659","61,740","75,647","75,403","77,982",3.1,3.7,3.7,3.9
Oregon,"2,206,067","2,221,743","2,221,552","2,218,013","105,475","116,980","116,823","116,183",4.8,5.3,5.3,5.2
Pennsylvania,"6,527,997","6,571,286","6,570,655","6,582,805","267,176","287,588","286,684","282,001",4.1,4.4,4.4,4.3
Rhode Island,"594,600","591,783","591,788","590,994","26,687","26,217","26,264","26,828",4.5,4.4,4.4,4.5
South Carolina,"2,583,848","2,635,089","2,634,542","2,646,507","106,902","126,024","125,717","130,280",4.1,4.8,4.8,4.9
South Dakota,"489,306","494,081","493,994","493,454","9,618","10,734","10,720","10,967",2,2.2,2.2,2.2
Tennessee,"3,504,751","3,546,463","3,545,878","3,541,848","123,744","125,944","125,942","125,642",3.5,3.6,3.6,3.5
Texas,"15,803,242","15,962,121","15,958,627","15,955,241","648,832","685,618","684,133","688,116",4.1,4.3,4.3,4.3
Utah,"1,835,953","1,845,293","1,845,208","1,844,151","61,352","68,248","68,140","69,236",3.3,3.7,3.7,3.8
Vermont,"352,477","346,688","346,776","345,447","9,029","9,219","9,219","9,251",2.6,2.7,2.7,2.7
Virginia,"4,548,415","4,518,582","4,519,825","4,518,468","145,337","161,009","160,941","165,445",3.2,3.6,3.6,3.7
Washington,"4,042,117","4,062,809","4,062,730","4,065,178","176,838","198,199","198,168","204,366",4.4,4.9,4.9,5
West Virginia,"782,497","783,871","783,736","782,661","30,045","36,361","36,224","36,293",3.8,4.6,4.6,4.6
Wisconsin,"3,137,979","3,115,444","3,116,196","3,120,773","101,997","99,488","99,593","103,401",3.3,3.2,3.2,3.3
Wyoming,"290,644","288,447","288,499","288,453","9,440","10,010","10,007","10,244",3.2,3.5,3.5,3.6
Puerto Rico,"1,232,772","1,232,682","1,232,888","1,233,775","67,040","69,969","69,875","69,764",5.4,5.7,5.7,5.7