pair_number,player_name,total_points,round_1_outcome,round_1_opponent,round_2_outcome,round_2_opponent,round_3_outcome,round_3_opponent,round_4_outcome,round_4_opponent,round_5_outcome,round_5_opponent,round_6_outcome,round_6_opponent,round_7_outcome,round_7_opponent,player_state,USCF_ID,pre_rating,post_rating,n_value,round_1_color,round_2_color,round_3_color,round_4_color,round_5_color,round_6_color,round_7_color,round_1_opponent_rating,round_2_opponent_rating,round_3_opponent_rating,round_4_opponent_rating,round_5_opponent_rating,round_6_opponent_rating,round_7_opponent_rating,avg_opponent_pre_rating
1, GARY HUA                        ,6.0  ,W,39,W,21,W,18,W,14,W,7,D,12,D,4,   ON , 15445895 ,1794,1817,N:2  ,W    ,B    ,W    ,B    ,W    ,B    ,W    ,1436,1563,1600,1610,1649,1663,1716,1605
2, DAKSHESH DARURI                 ,6.0  ,W,63,W,58,L,4,W,17,W,16,W,20,W,7,   MI , 14598900 ,1553,1663,N:2  ,B    ,W    ,B    ,W    ,B    ,W    ,B    ,1175,917,1716,1629,1604,1595,1649,1469
3, ADITYA BAJAJ                    ,6.0  ,L,8,W,61,W,25,W,21,W,11,W,13,W,12,   MI , 14959604 ,1384,1640,N:2  ,W    ,B    ,W    ,B    ,W    ,B    ,W    ,1641,955,1745,1563,1712,1666,1663,1564
4, PATRICK H SCHILLING             ,5.5  ,W,23,D,28,W,2,W,26,D,5,W,19,D,1,   MI , 12616049 ,1716,1744,N:2  ,W    ,B    ,W    ,B    ,W    ,B    ,B    ,1363,1507,1553,1579,1655,1564,1794,1574
5, HANSHI ZUO                      ,5.5  ,W,45,W,37,D,12,D,13,D,4,W,14,W,17,   MI , 14601533 ,1655,1690,N:2  ,B    ,W    ,B    ,W    ,B    ,W    ,B    ,1242,980,1663,1666,1716,1610,1629,1501
6, HANSEN SONG                     ,5.0  ,W,34,D,29,L,11,W,35,D,10,W,27,W,21,   OH , 15055204 ,1686,1687,N:3  ,W    ,B    ,W    ,B    ,B    ,W    ,B    ,1399,1602,1712,1438,1365,1552,1563,1519
7, GARY DEE SWATHELL               ,5.0  ,W,57,W,46,W,13,W,11,L,1,W,9,L,2,   MI , 11146376 ,1649,1673,N:3  ,W    ,B    ,W    ,B    ,B    ,W    ,W    ,1092,377,1666,1712,1794,1411,1553,1372
8, EZEKIEL HOUGHTON                ,5.0  ,W,3,W,32,L,14,L,9,W,47,W,28,W,19,   MI , 15142253 ,1641,1657,N:3  ,B    ,W    ,B    ,W    ,B    ,W    ,W    ,1384,1441,1610,1411,1362,1507,1564,1468
9, STEFANO LEE                     ,5.0  ,W,25,L,18,W,59,W,8,W,26,L,7,W,20,   ON , 14954524 ,1411,1564,N:2  ,W    ,B    ,W    ,B    ,W    ,B    ,B    ,1745,1600,853,1641,1579,1649,1595,1523
10, ANVIT RAO                       ,5.0  ,D,16,L,19,W,55,W,31,D,6,W,25,W,18,   MI , 14150362 ,1365,1544,N:3  ,W    ,W    ,B    ,B    ,W    ,B    ,W    ,1604,1564,1186,1494,1686,1745,1600,1554
11, CAMERON WILLIAM MC LEMAN        ,4.5  ,D,38,W,56,W,6,L,7,L,3,W,34,W,26,   MI , 12581589 ,1712,1696,N:3  ,B    ,W    ,B    ,W    ,B    ,W    ,B    ,1423,1153,1686,1649,1384,1399,1579,1468
12, KENNETH J TACK                  ,4.5  ,W,42,W,33,D,5,W,38,H,NA,D,1,L,3,   MI , 12681257 ,1663,1670,N:3  ,W    ,B    ,W    ,B    ,     ,W    ,B    ,1332,1449,1655,1423,NA,1794,1384,1506
13, TORRANCE HENRY JR               ,4.5  ,W,36,W,27,L,7,D,5,W,33,L,3,W,32,   MI , 15082995 ,1666,1662,N:3  ,B    ,W    ,B    ,B    ,W    ,W    ,B    ,1355,1552,1649,1655,1449,1384,1441,1498
14, BRADLEY SHAW                    ,4.5  ,W,54,W,44,W,8,L,1,D,27,L,5,W,31,   MI , 10131499 ,1610,1618,N:3  ,W    ,B    ,W    ,W    ,B    ,B    ,W    ,1270,1199,1641,1794,1552,1655,1494,1515
15, ZACHARY JAMES HOUGHTON          ,4.5  ,D,19,L,16,W,30,L,22,W,54,W,33,W,38,   MI , 15619130 ,1220,1416,N:3  ,B    ,B    ,W    ,W    ,B    ,B    ,W    ,1564,1604,1522,1555,1270,1449,1423,1484
16, MIKE NIKITIN                    ,4.0  ,D,10,W,15,H,NA,W,39,L,2,W,36,U,NA,   MI , 10295068 ,1604,1613,N:3  ,B    ,W    ,     ,B    ,W    ,B    ,     ,1365,1220,NA,1436,1553,1355,NA,1386
17, RONALD GRZEGORCZYK              ,4.0  ,W,48,W,41,L,26,L,2,W,23,W,22,L,5,   MI , 10297702 ,1629,1610,N:3  ,W    ,B    ,W    ,B    ,W    ,B    ,W    ,1382,1403,1579,1553,1363,1555,1655,1499
18, DAVID SUNDEEN                   ,4.0  ,W,47,W,9,L,1,W,32,L,19,W,38,L,10,   MI , 11342094 ,1600,1600,N:3  ,B    ,W    ,B    ,W    ,B    ,W    ,B    ,1362,1411,1794,1441,1564,1423,1365,1480
19, DIPANKAR ROY                    ,4.0  ,D,15,W,10,W,52,D,28,W,18,L,4,L,8,   MI , 14862333 ,1564,1570,N:3  ,W    ,B    ,W    ,B    ,W    ,W    ,B    ,1220,1365,935,1507,1600,1716,1641,1426
20, JASON ZHENG                     ,4.0  ,L,40,W,49,W,23,W,41,W,28,L,2,L,9,   MI , 14529060 ,1595,1569,N:4  ,W    ,B    ,W    ,B    ,W    ,B    ,W    ,1348,1291,1363,1403,1507,1553,1411,1411
21, DINH DANG BUI                   ,4.0  ,W,43,L,1,W,47,L,3,W,40,W,39,L,6,   ON , 15495066 ,1563,1562,N:3  ,B    ,W    ,B    ,W    ,W    ,B    ,W    ,1283,1794,1362,1384,1348,1436,1686,1470
22, EUGENE L MCCLURE                ,4.0  ,W,64,D,52,L,28,W,15,H,NA,L,17,W,40,   MI , 12405534 ,1555,1529,N:4  ,W    ,B    ,W    ,B    ,     ,W    ,B    ,1163,935,1507,1220,NA,1629,1348,1300
23, ALAN BUI                        ,4.0  ,L,4,W,43,L,20,W,58,L,17,W,37,W,46,   ON , 15030142 ,1363,1371,     ,B    ,W    ,B    ,W    ,B    ,W    ,B    ,1716,1283,1595,917,1629,980,377,1214
24, MICHAEL R ALDRICH               ,4.0  ,L,28,L,47,W,43,L,25,W,60,W,44,W,39,   MI , 13469010 ,1229,1300,N:4  ,B    ,W    ,B    ,B    ,W    ,W    ,B    ,1507,1362,1283,1745,967,1199,1436,1357
25, LOREN SCHWIEBERT                ,3.5  ,L,9,W,53,L,3,W,24,D,34,L,10,W,47,   MI , 12486656 ,1745,1681,N:4  ,B    ,W    ,B    ,W    ,B    ,W    ,B    ,1411,1393,1384,1229,1399,1365,1362,1363
26, MAX ZHU                         ,3.5  ,W,49,W,40,W,17,L,4,L,9,D,32,L,11,   ON , 15131520 ,1579,1564,N:4  ,B    ,W    ,B    ,W    ,B    ,W    ,W    ,1291,1348,1629,1716,1411,1441,1712,1507
27, GAURAV GIDWANI                  ,3.5  ,W,51,L,13,W,46,W,37,D,14,L,6,U,NA,   MI , 14476567 ,1552,1539,N:4  ,W    ,B    ,W    ,B    ,W    ,B    ,     ,1011,1666,377,980,1610,1686,NA,1222
28, SOFIA ADINA STANESCU-BELLU      ,3.5  ,W,24,D,4,W,22,D,19,L,20,L,8,D,36,   MI , 14882954 ,1507,1513,N:3  ,W    ,W    ,B    ,W    ,B    ,B    ,W    ,1229,1716,1555,1564,1595,1641,1355,1522
29, CHIEDOZIE OKORIE                ,3.5  ,W,50,D,6,L,38,L,34,W,52,W,48,U,NA,   MI , 15323285 ,1602,1508,N:4  ,B    ,W    ,B    ,W    ,W    ,B    ,     ,1056,1686,1423,1399,935,1382,NA,1314
30, GEORGE AVERY JONES              ,3.5  ,L,52,D,64,L,15,W,55,L,31,W,61,W,50,   ON , 12577178 ,1522,1444,     ,W    ,B    ,B    ,W    ,W    ,B    ,B    ,935,1163,1220,1186,1494,955,1056,1144
31, RISHI SHETTY                    ,3.5  ,L,58,D,55,W,64,L,10,W,30,W,50,L,14,   MI , 15131618 ,1494,1444,     ,B    ,W    ,B    ,W    ,B    ,W    ,B    ,917,1186,1163,1365,1522,1056,1610,1260
32, JOSHUA PHILIP MATHEWS           ,3.5  ,W,61,L,8,W,44,L,18,W,51,D,26,L,13,   ON , 14073750 ,1441,1433,N:4  ,W    ,B    ,W    ,B    ,W    ,B    ,W    ,955,1641,1199,1600,1011,1579,1666,1379
33, JADE GE                         ,3.5  ,W,60,L,12,W,50,D,36,L,13,L,15,W,51,   MI , 14691842 ,1449,1421,     ,B    ,W    ,B    ,W    ,B    ,W    ,B    ,967,1663,1056,1355,1666,1220,1011,1277
34, MICHAEL JEFFERY THOMAS          ,3.5  ,L,6,W,60,L,37,W,29,D,25,L,11,W,52,   MI , 15051807 ,1399,1400,     ,B    ,W    ,B    ,B    ,W    ,B    ,W    ,1686,967,980,1602,1745,1712,935,1375
35, JOSHUA DAVID LEE                ,3.5  ,L,46,L,38,W,56,L,6,W,57,D,52,W,48,   MI , 14601397 ,1438,1392,     ,W    ,W    ,B    ,W    ,B    ,B    ,W    ,377,1423,1153,1686,1092,935,1382,1150
36, SIDDHARTH JHA                   ,3.5  ,L,13,W,57,W,51,D,33,H,NA,L,16,D,28,   MI , 14773163 ,1355,1367,N:4  ,W    ,B    ,W    ,B    ,     ,W    ,B    ,1666,1092,1011,1449,NA,1604,1507,1388
37, AMIYATOSH PWNANANDAM            ,3.5  ,B,NA,L,5,W,34,L,27,H,NA,L,23,W,61,   MI , 15489571 ,980,1077,     ,     ,B    ,W    ,W    ,     ,B    ,W    ,NA,1655,1399,1552,NA,1363,955,1385
38, BRIAN LIU                       ,3.0  ,D,11,W,35,W,29,L,12,H,NA,L,18,L,15,   MI , 15108523 ,1423,1439,N:4  ,W    ,B    ,W    ,W    ,     ,B    ,B    ,1712,1438,1602,1663,NA,1600,1220,1539
39, JOEL R HENDON                   ,3.0  ,L,1,W,54,W,40,L,16,W,44,L,21,L,24,   MI , 12923035 ,1436,1413,N:4  ,B    ,W    ,B    ,W    ,B    ,W    ,W    ,1794,1270,1348,1604,1199,1563,1229,1430
40, FOREST ZHANG                    ,3.0  ,W,20,L,26,L,39,W,59,L,21,W,56,L,22,   MI , 14892710 ,1348,1346,     ,B    ,B    ,W    ,W    ,B    ,W    ,W    ,1595,1579,1436,853,1563,1153,1555,1391
41, KYLE WILLIAM MURPHY             ,3.0  ,W,59,L,17,W,58,L,20,X,NA,U,NA,U,NA,   MI , 15761443 ,1403,1341,     ,B    ,W    ,B    ,W    ,     ,     ,     ,853,1629,917,1595,NA,NA,NA,1248
42, JARED GE                        ,3.0  ,L,12,L,50,L,57,D,60,D,61,W,64,W,56,   MI , 14462326 ,1332,1256,     ,B    ,W    ,B    ,B    ,W    ,W    ,B    ,1663,1056,1092,967,955,1163,1153,1150
43, ROBERT GLEN VASEY               ,3.0  ,L,21,L,23,L,24,W,63,W,59,L,46,W,55,   MI , 14101068 ,1283,1244,     ,W    ,B    ,W    ,W    ,B    ,B    ,W    ,1563,1363,1229,1175,853,377,1186,1107
44, JUSTIN D SCHILLING              ,3.0  ,B,NA,L,14,L,32,W,53,L,39,L,24,W,59,   MI , 15323504 ,1199,1199,     ,     ,W    ,B    ,B    ,W    ,B    ,W    ,NA,1610,1441,1393,1436,1229,853,1327
45, DEREK YAN                       ,3.0  ,L,5,L,51,D,60,L,56,W,63,D,55,W,58,   MI , 15372807 ,1242,1191,     ,W    ,B    ,W    ,B    ,W    ,B    ,W    ,1655,1011,967,1153,1175,1186,917,1152
46, JACOB ALEXANDER LAVALLEY        ,3.0  ,W,35,L,7,L,27,L,50,W,64,W,43,L,23,   MI , 15490981 ,377,1076,     ,B    ,W    ,B    ,W    ,B    ,W    ,W    ,1438,1649,1552,1056,1163,1283,1363,1358
47, ERIC WRIGHT                     ,2.5  ,L,18,W,24,L,21,W,61,L,8,D,51,L,25,   MI , 12533115 ,1362,1341,     ,W    ,B    ,W    ,B    ,W    ,B    ,W    ,1600,1229,1563,955,1641,1011,1745,1392
48, DANIEL KHAIN                    ,2.5  ,L,17,W,63,H,NA,D,52,H,NA,L,29,L,35,   MI , 14369165 ,1382,1335,     ,B    ,W    ,     ,B    ,     ,W    ,B    ,1629,1175,NA,935,NA,1602,1438,1356
49, MICHAEL J MARTIN                ,2.5  ,L,26,L,20,D,63,D,64,W,58,H,NA,U,NA,   MI , 12531685 ,1291,1259,     ,W    ,W    ,B    ,W    ,B    ,     ,     ,1579,1595,1175,1163,917,NA,NA,1286
50, SHIVAM JHA                      ,2.5  ,L,29,W,42,L,33,W,46,H,NA,L,31,L,30,   MI , 14773178 ,1056,1111,     ,W    ,B    ,W    ,B    ,     ,B    ,W    ,1602,1332,1449,377,NA,1494,1522,1296
51, TEJAS AYYAGARI                  ,2.5  ,L,27,W,45,L,36,W,57,L,32,D,47,L,33,   MI , 15205474 ,1011,1097,     ,B    ,W    ,B    ,W    ,B    ,W    ,W    ,1552,1242,1355,1092,1441,1362,1449,1356
52, ETHAN GUO                       ,2.5  ,W,30,D,22,L,19,D,48,L,29,D,35,L,34,   MI , 14918803 ,935,1092,N:4  ,B    ,W    ,B    ,W    ,B    ,W    ,B    ,1522,1555,1564,1382,1602,1438,1399,1495
53, JOSE C YBARRA                   ,2.0  ,H,NA,L,25,H,NA,L,44,U,NA,W,57,U,NA,   MI , 12578849 ,1393,1359,     ,     ,B    ,     ,W    ,     ,W    ,     ,NA,1745,NA,1199,NA,1092,NA,1345
54, LARRY HODGE                     ,2.0  ,L,14,L,39,L,61,B,NA,L,15,L,59,W,64,   MI , 12836773 ,1270,1200,     ,B    ,B    ,W    ,     ,W    ,B    ,W    ,1610,1436,955,NA,1220,853,1163,1206
55, ALEX KONG                       ,2.0  ,L,62,D,31,L,10,L,30,B,NA,D,45,L,43,   MI , 15412571 ,1186,1163,     ,W    ,B    ,W    ,B    ,     ,W    ,B    ,1530,1494,1365,1522,NA,1242,1283,1406
56, MARISA RICCI                    ,2.0  ,H,NA,L,11,L,35,W,45,H,NA,L,40,L,42,   MI , 14679887 ,1153,1140,     ,     ,B    ,W    ,W    ,     ,B    ,W    ,NA,1712,1438,1242,NA,1348,1332,1414
57, MICHAEL LU                      ,2.0  ,L,7,L,36,W,42,L,51,L,35,L,53,B,NA,   MI , 15113330 ,1092,1079,     ,B    ,W    ,W    ,B    ,W    ,B    ,     ,1649,1355,1332,1011,1438,1393,NA,1363
58, VIRAJ MOHILE                    ,2.0  ,W,31,L,2,L,41,L,23,L,49,B,NA,L,45,   MI , 14700365 ,917,941,     ,W    ,B    ,W    ,B    ,W    ,     ,B    ,1494,1553,1403,1363,1291,NA,1242,1391
59, SEAN M MC CORMICK               ,2.0  ,L,41,B,NA,L,9,L,40,L,43,W,54,L,44,   MI , 12841036 ,853,878,     ,W    ,     ,B    ,B    ,W    ,W    ,B    ,1403,NA,1411,1348,1283,1270,1199,1319
60, JULIA SHEN                      ,1.5  ,L,33,L,34,D,45,D,42,L,24,H,NA,U,NA,   MI , 14579262 ,967,984,     ,W    ,B    ,B    ,W    ,B    ,     ,     ,1449,1399,1242,1332,1229,NA,NA,1330
61, JEZZEL FARKAS                   ,1.5  ,L,32,L,3,W,54,L,47,D,42,L,30,L,37,   ON , 15771592 ,955,979,     ,B    ,W    ,B    ,W    ,B    ,W    ,B    ,1441,1384,1270,1362,1332,1522,980,1327
62, ASHWIN BALAJI                   ,1.0  ,W,55,U,NA,U,NA,U,NA,U,NA,U,NA,U,NA,   MI , 15219542 ,1530,1535,     ,B    ,     ,     ,     ,     ,     ,     ,1186,NA,NA,NA,NA,NA,NA,1186
63, THOMAS JOSEPH HOSMER            ,1.0  ,L,2,L,48,D,49,L,43,L,45,H,NA,U,NA,   MI , 15057092 ,1175,1125,     ,W    ,B    ,W    ,B    ,B    ,     ,     ,1553,1382,1291,1283,1242,NA,NA,1350
64, BEN LI                          ,1.0  ,L,22,D,30,L,31,D,49,L,46,L,42,L,54,   MI , 15006561 ,1163,1112,     ,B    ,W    ,W    ,B    ,W    ,B    ,B    ,1555,1522,1494,1291,377,1332,1270,1263
